date,new_confirmed,new_deceased,new_recovered,new_tested,cumulative_confirmed,cumulative_deceased,cumulative_recovered,cumulative_tested
1/13/20,0,0,0,0,0,0,0,0
1/14/20,0,0,0,0,0,0,0,0
1/15/20,0,0,0,0,0,0,0,0
1/16/20,0,0,0,0,0,0,0,0
1/17/20,0,0,0,0,0,0,0,0
1/18/20,0,0,0,0,0,0,0,0
1/19/20,1,0,0,0,1,0,0,0
1/20/20,0,0,0,0,1,0,0,0
1/21/20,1,0,0,0,2,0,0,0
1/22/20,4,0,0,0,6,0,0,1
1/23/20,1,0,0,1,7,0,0,2
1/24/20,1,0,0,0,8,0,0,2
1/25/20,0,0,0,0,9,0,0,2
1/26/20,2,0,0,0,11,0,0,2
1/27/20,0,0,0,1,11,0,0,3
1/28/20,0,0,0,0,11,0,0,3
1/29/20,0,0,0,1,11,0,0,5
1/30/20,1,0,0,0,12,0,0,5
1/31/20,1,0,0,3,13,0,0,8
2/1/20,0,0,0,0,14,0,0,8
2/2/20,3,0,0,0,17,0,0,8
2/3/20,2,0,0,3,19,0,0,11
2/4/20,2,0,0,4,21,0,0,15
2/5/20,0,0,0,0,22,0,0,15
2/6/20,2,0,0,1,24,0,0,16
2/7/20,1,0,0,0,25,0,0,16
2/8/20,0,0,0,2,25,0,0,18
2/9/20,0,0,0,0,25,0,0,18
2/10/20,1,0,0,1,26,0,0,19
2/11/20,0,0,0,1,26,0,0,20
2/12/20,1,0,0,1,28,0,0,21
2/13/20,2,0,0,1,30,0,0,22
2/14/20,2,0,0,0,32,0,0,22
2/15/20,0,0,0,3,32,0,0,26
2/16/20,0,0,0,2,32,0,0,28
2/17/20,2,0,0,1,44,0,0,29
2/18/20,0,0,0,0,44,0,0,29
2/19/20,1,0,0,6,45,0,0,35
2/20/20,2,0,0,1,48,0,0,36
2/21/20,6,0,0,1,54,0,0,37
2/22/20,4,0,0,1,58,0,0,38
2/23/20,1,0,0,0,59,0,0,38
2/24/20,9,0,0,2,69,0,0,40
2/25/20,5,0,0,1,76,0,0,41
2/26/20,19,2,0,0,95,2,0,41
2/27/20,4,1,0,6445,99,3,0,6487
2/28/20,8,2,0,3,108,5,0,6490
2/29/20,12,1,0,62,120,6,0,6555
3/1/20,17,3,0,99,154,9,0,6655
3/2/20,47,3,0,204,200,13,0,6859
3/3/20,56,3,0,267,256,16,0,7139
3/4/20,75,2,0,335,327,19,0,8035
3/5/20,75,5,0,1483,389,24,0,9556
3/6/20,154,7,0,2109,472,33,0,11734
3/7/20,140,1,0,854,590,34,0,12666
3/8/20,169,4,0,1136,771,40,0,13813
3/9/20,306,4,0,2069,1077,46,0,15882
3/10/20,432,2,0,3341,1509,50,0,19223
3/11/20,427,6,0,4471,1936,49,0,23694
3/12/20,669,9,0,6766,2606,57,0,30460
3/13/20,859,5,0,9888,3468,59,0,40348
3/14/20,1031,8,0,9812,4500,71,0,50160
3/15/20,1264,15,0,10258,5764,82,0,60418
3/16/20,1708,23,0,23279,7471,106,0,83738
3/17/20,2130,24,0,26793,9601,130,0,110532
3/18/20,3356,26,0,32707,12957,157,0,143239
3/19/20,4638,51,0,39593,17595,209,0,182832
3/20/20,6073,70,0,49592,23668,274,0,232424
3/21/20,6964,62,0,52213,30632,339,0,284637
3/22/20,9230,145,0,51963,39862,483,0,336600
3/23/20,11211,102,0,57495,51073,583,17,394096
3/24/20,10933,235,0,87181,62006,819,17,481277
3/25/20,12660,242,4,82010,74666,1060,167,563287
3/26/20,17585,313,44,107021,92251,1373,125,670308
3/27/20,19227,412,89,100866,111478,1786,375,771174
3/28/20,19785,550,75,111085,131263,2337,434,882260
3/29/20,19721,507,110,86475,150984,2842,544,968735
3/30/20,21180,583,32,100478,172164,3425,371,1069213
3/31/20,25015,909,100,115042,197179,4335,733,1184255
4/1/20,26163,1006,240,122246,223342,5340,973,1306502
4/2/20,28183,1174,162,130988,251525,6514,1160,1437490
4/3/20,31991,1288,413,142186,283516,7802,2012,1579676
4/4/20,32993,1477,484,229905,316509,9279,2356,1809581
4/5/20,25829,1337,41,128587,342338,10616,2397,1938168
4/6/20,28385,1313,411,136715,370723,11929,3191,2074883
4/7/20,30493,2042,739,170275,401216,13971,3959,2245159
4/8/20,30930,1999,698,165140,432146,15970,4792,2410299
4/9/20,34868,2053,1751,170277,467014,18023,6543,2580576
4/10/20,33793,2081,1000,155725,500807,20104,8070,2736301
4/11/20,31290,2078,1485,158124,532097,22182,9555,2894425
4/12/20,28249,1698,621,139604,560346,23880,10176,3034029
4/13/20,24162,1630,986,125644,584508,25510,11380,3159674
4/14/20,26036,2354,1322,159690,610544,27864,12702,3319364
4/15/20,29656,2540,1459,148882,640200,30404,14161,3468245
4/16/20,31293,2196,2408,183119,671493,32600,16569,3651364
4/17/20,31598,2116,1414,171809,703091,34716,18373,3823173
4/18/20,27627,1896,4525,171635,730718,36612,25540,3994809
4/19/20,26919,1764,1602,148428,757637,38376,27142,4143237
4/20/20,24401,1814,540,143897,782038,40190,27682,4287134
4/21/20,27380,2476,1867,166415,809418,42666,29534,4453549
4/22/20,29175,2148,3157,334559,838593,44814,47618,4788108
4/23/20,31984,1803,1898,217704,870577,46617,49516,5005812
4/24/20,31221,1971,2331,245965,901798,48588,51847,5251778
4/25/20,40992,1634,7403,272812,942790,50222,59250,5524590
4/26/20,26907,1210,1851,203991,969697,51432,61101,5728580
4/27/20,22732,1273,3644,195643,992429,52705,64745,5924224
4/28/20,24937,2078,1053,215706,1017366,54783,65798,6139929
4/29/20,26238,2686,2598,255282,1043604,57469,71809,6395211
4/30/20,30307,2154,2197,275879,1073911,59623,77358,6671091
5/1/20,32623,1812,2979,284527,1106534,61435,84683,6955618
5/2/20,29263,1520,9847,270942,1135797,62955,94530,7226560
5/3/20,25828,1247,2037,239966,1161625,64202,96567,7466526
5/4/20,22240,981,6838,236487,1183865,65183,104265,7703013
5/5/20,22460,2494,2662,279468,1206325,67677,106927,7982481
5/6/20,25149,1929,3813,293378,1231474,69606,110755,8275859
5/7/20,27293,2732,4051,329147,1258767,72338,114806,8605007
5/8/20,27149,1787,2916,312112,1285916,74125,117722,8917119
5/9/20,25206,1459,11421,321773,1311122,75584,129143,9238892
5/10/20,21375,1026,2458,274394,1332497,76610,131601,9513287
5/11/20,18057,887,6842,372067,1350554,77497,138443,9885353
5/12/20,22413,1516,6316,339891,1372967,79013,144759,10225244
5/13/20,21389,1725,3345,346560,1394356,80738,148104,10571804
5/14/20,26623,1845,2338,388761,1420979,82583,150442,10960565
5/15/20,25732,1535,3563,408037,1446711,84118,154005,11368603
5/16/20,23710,1249,9378,392896,1470421,85367,163383,11761499
5/17/20,20517,862,2642,349322,1490938,86229,166025,12110821
5/18/20,20538,852,7538,347632,1511476,87081,173563,12458453
5/19/20,20564,1325,5635,422654,1532040,88406,179198,12881108
5/20/20,21432,1396,4251,450180,1553472,89802,183449,13331288
5/21/20,26561,1382,2672,497925,1580033,91184,186121,13829213
5/22/20,24064,1288,4935,450483,1604097,92472,236774,14279696
5/23/20,22525,1034,10345,443572,1626622,93506,247119,14723268
5/24/20,19276,691,4142,389055,1645898,94197,251261,15112323
5/25/20,18333,557,8711,407547,1664231,94754,259972,15519871
5/26/20,16572,669,4639,316225,1680803,95423,264611,15836096
5/27/20,19265,1340,6395,416697,1700068,96763,271006,16252793
5/28/20,22803,1235,7346,494405,1722871,97998,356460,16747199
5/29/20,23848,1175,5676,507229,1746719,99173,362136,17254428
5/30/20,23358,923,9213,480363,1770077,100096,371349,17734792
5/31/20,21696,655,5611,428851,1791773,100751,376960,18163643
6/1/20,19966,676,8548,417971,1811739,101427,385508,18581614
6/2/20,19964,984,4845,449624,1831703,102411,390353,19031238
6/3/20,20146,973,7194,505628,1851849,103384,404290,19536866
6/4/20,20512,882,11011,497042,1872361,104266,415301,20033908
6/5/20,23087,834,5366,620767,1895448,105100,420667,20654676
6/6/20,22666,709,8068,555263,1918114,105809,428735,21209939
6/7/20,19033,450,4382,436619,1937147,106259,433117,21646558
6/8/20,16979,674,6386,406060,1954126,106933,439503,22052619
6/9/20,16908,895,5490,455788,1971034,107828,444993,22508407
6/10/20,20892,893,7207,486493,1991926,108721,452200,22994901
6/11/20,21992,897,9231,486321,2013918,109618,461431,23481222
6/12/20,23147,767,6609,623826,2037065,110385,468040,24105048
6/13/20,25431,692,8086,544620,2062496,111077,476126,24649668
6/14/20,21638,355,4471,473814,2084134,111432,480597,25123483
6/15/20,18215,383,8201,447442,2102349,111815,488798,25570924
6/16/20,22858,726,6426,499644,2125207,112541,495224,26070568
6/17/20,24247,778,7696,564260,2149454,113319,502920,26634828
6/18/20,26966,681,8672,561359,2176420,114000,511592,27196188
6/19/20,30812,660,6334,664266,2207232,114660,517926,27860454
6/20/20,32245,611,9961,605661,2239477,115271,527887,28466115
6/21/20,29131,295,3990,503047,2268608,115566,531877,28969162
6/22/20,26827,290,9350,498246,2295435,115856,541227,29467408
6/23/20,33459,728,6812,670694,2328894,116584,548039,30138102
6/24/20,39194,705,8211,618880,2368088,117289,556250,30756982
6/25/20,39700,654,7430,711352,2407788,117943,563680,31468334
6/26/20,44381,608,6482,739062,2452169,118551,570162,32207396
6/27/20,43175,511,7687,717082,2495344,119062,577849,32924478
6/28/20,41753,273,5103,610110,2537097,119335,582952,33534588
6/29/20,39304,337,10204,661188,2576401,119672,593156,34195776
6/30/20,46979,583,14948,710396,2623380,120255,608104,34906172
7/1/20,51181,697,8223,733385,2674561,120952,616327,35639557
7/2/20,53475,699,11552,774479,2728036,121651,666866,36414036
7/3/20,54068,599,7477,792960,2782104,122250,674343,37206996
7/4/20,54982,295,9561,682792,2837086,122545,683904,37889788
7/5/20,45351,216,7187,616955,2882437,122761,691091,38506743
7/6/20,40868,235,10674,653301,2923305,122996,701765,39160044
7/7/20,50965,904,11597,734403,2974270,123900,713362,39894447
7/8/20,62812,821,15611,783759,3037082,124721,728973,40678206
7/9/20,59166,861,14433,848674,3096248,125582,743406,41526880
7/10/20,67107,844,12980,908819,3163355,126426,756386,42435700
7/11/20,62728,755,11341,834825,3226083,127181,767727,43270525
7/12/20,61700,475,9745,793979,3287783,127656,777472,44064504
7/13/20,57159,332,12764,768588,3344942,127988,790236,44833092
7/14/20,58670,744,16363,836894,3403612,128732,806599,45669986
7/15/20,69352,863,25524,908867,3472964,129595,832123,46578853
7/16/20,70521,940,13469,946314,3543485,130535,845592,47525168
7/17/20,76414,938,14909,943132,3619899,131473,860501,48468300
7/18/20,64775,876,14901,865285,3684674,132349,875402,49333585
7/19/20,64233,529,7509,785119,3748907,132878,882911,50118705
7/20/20,56879,376,16250,737217,3805786,133254,899161,50855922
7/21/20,62737,1045,21995,832525,3868523,134299,921156,51688447
7/22/20,69455,1148,27199,898402,3937978,135447,948355,52586849
7/23/20,71399,1069,27638,930852,4009377,136516,975993,53517701
7/24/20,74951,1128,19733,1000175,4084328,137644,995726,54517876
7/25/20,65025,1012,16530,879556,4149353,138656,1012256,55397432
7/26/20,60689,562,17497,858435,4210042,139218,1029753,56255868
7/27/20,54463,1067,13401,772382,4264505,140285,1043154,57028250
7/28/20,58451,1109,28085,839592,4322956,141394,1071239,57867842
7/29/20,64140,1505,34033,901815,4387096,142899,1105272,58769657
7/30/20,69022,1249,21976,890236,4456118,144148,1127248,59659893
7/31/20,67876,1322,22663,984140,4523994,145470,1149911,60644033
8/1/20,60625,1203,22776,810905,4584619,146673,1172687,61454938
8/2/20,53252,496,5746,787019,4637871,147169,1178433,62241958
8/3/20,42763,516,31210,713013,4680634,147685,1209643,62954971
8/4/20,51140,1242,19024,803339,4731774,148927,1228667,63758310
8/5/20,52617,1359,39840,815657,4784391,150286,1268507,64573967
8/6/20,54074,1244,18568,849087,4838465,151530,1287075,65423054
8/7/20,60834,1321,23882,886160,4899299,152851,1310957,66309214
8/8/20,53544,1085,18601,785896,4952843,153936,1329558,67095111
8/9/20,50688,620,13145,800745,5003531,154556,1342703,67895856
8/10/20,41396,430,13272,743154,5044927,154986,1355975,68639010
8/11/20,54924,1323,29493,838857,5099851,156309,1385468,69477868
8/12/20,56302,1516,38697,816191,5156153,157825,1424165,70294059
8/13/20,51615,1164,19008,957094,5207768,158989,1443173,71251154
8/14/20,56771,1226,19131,992659,5264539,160215,1462304,72243813
8/15/20,56042,1228,21203,892300,5320581,161443,1483507,73136113
8/16/20,42479,620,13634,781310,5363060,162063,1497141,73917424
8/17/20,37736,412,20345,703289,5400796,162475,1517486,74620713
8/18/20,40042,1179,22328,771519,5440838,163654,1539814,75392232
8/19/20,45143,1409,34372,835333,5485981,165063,1574186,76227565
8/20/20,43816,1129,20515,865846,5529797,166192,1594701,77093411
8/21/20,46533,1114,16781,912070,5576330,167306,1611482,78005481
8/22/20,46033,1035,19923,903980,5622363,168341,1631405,78909461
8/23/20,37900,577,11781,724447,5660263,168918,1643186,79633908
8/24/20,34534,337,13807,715985,5694797,169255,1656993,80349893
8/25/20,36900,1137,29948,746594,5731697,170392,1686941,81096487
8/26/20,44441,1300,29404,774800,5776138,171692,1716345,81871287
8/27/20,44268,1128,15318,859426,5820406,172820,1731663,82730714
8/28/20,46105,1021,15486,937080,5866511,173841,1747149,83667794
8/29/20,43749,1017,21316,939821,5910260,174858,1768465,84607615
8/30/20,38864,477,12528,821434,5949124,175335,1780993,85429050
8/31/20,31753,381,20170,683738,5980877,175716,1801163,86112788
9/1/20,42204,1016,16696,776586,6023081,176732,1817859,86889374
9/2/20,30815,1036,27397,795127,6053896,177768,1845256,87684501
9/3/20,44643,1073,34110,911798,6098539,178841,1879366,88596299
9/4/20,51618,999,15029,1087574,6150157,179840,1894395,89683873
9/5/20,44825,924,17832,990066,6194982,180764,1912227,90673939
9/6/20,32898,454,13110,763011,6227880,181218,1925337,91436950
9/7/20,27984,230,5535,667510,6255864,181448,1930872,92104460
9/8/20,22329,348,24258,549630,6278193,181796,1955130,92654090
9/9/20,30908,1089,27105,754691,6309101,182885,1982235,93408781
9/10/20,37362,1157,14673,824507,6346463,184042,1996908,94233288
9/11/20,44822,1017,13036,939707,6391285,185059,2009944,95172996
9/12/20,41665,816,20195,1017050,6432950,185875,2030139,96190046
9/13/20,34561,390,10525,790409,6467511,186265,2040664,96980455
9/14/20,33572,406,15993,821294,6501083,186671,2056657,97801749
9/15/20,34661,1034,15981,853119,6535744,187705,2072638,98654869
9/16/20,40361,1190,29086,841079,6576105,188895,2101724,99495948
9/17/20,43713,881,13378,985356,6619818,189776,2115102,100481304
9/18/20,46897,900,16071,1093869,6666715,190676,2131173,101575174
9/19/20,45722,748,19155,1166034,6712437,191424,2150328,102741208
9/20/20,35449,328,10626,991048,6747886,191752,2160954,103732257
9/21/20,39158,276,16227,752277,6787044,192028,2177181,104484534
9/22/20,48978,861,29820,917823,6836022,192889,2207001,105402358
9/23/20,39631,1159,23938,1016549,6875653,194048,2230939,106418907
9/24/20,43342,940,36801,1015156,6918995,194988,2267740,107434063
9/25/20,55217,841,15922,1152423,6974212,195829,2283662,108586486
9/26/20,47231,871,22309,1136843,7021443,196700,2305971,109723329
9/27/20,35013,306,15089,931740,7056456,197006,2321060,110655069
9/28/20,35374,246,19677,994387,7091830,197252,2340737,111649457
9/29/20,36695,726,17239,989798,7128525,197978,2357976,112639255
9/30/20,45045,1066,25860,975535,7173570,199044,2383836,113614790
10/1/20,45725,865,18978,1017276,7219295,199909,2402814,114632067
10/2/20,49439,839,13103,1214291,7268734,200748,2415917,115846358
10/3/20,50806,736,21548,1121319,7319540,201484,2437465,116967678
10/4/20,38240,382,13960,1022674,7357780,201866,2451425,117990352
10/5/20,37746,332,13497,937344,7395526,202198,2464922,118927696
10/6/20,38791,614,15923,959602,7434317,202812,2480845,119887298
10/7/20,51267,929,24089,1075823,7485584,203741,2527280,120963121
10/8/20,55398,978,20119,1230824,7540982,204719,2547399,122193946
10/9/20,57164,916,16764,1279480,7598146,205635,2558293,123473426
10/10/20,57516,691,23351,1291388,7655662,206326,2581644,124764814
10/11/20,46665,475,11441,1099635,7702327,206801,2593085,125864449
10/12/20,43167,286,15951,949552,7745494,207087,2609036,126814001
10/13/20,46898,718,16466,1079857,7792392,207805,2625502,127893858
10/14/20,57239,797,29738,1118042,7849631,208602,2655240,129011900
10/15/20,63821,931,20235,1187655,7913452,209533,2675475,130199555
10/16/20,68557,892,18607,1250273,7982009,210425,2694082,131449828
10/17/20,57561,780,22550,1320687,8039570,211205,2716632,132770515
10/18/20,47893,406,12079,1070340,8087463,211611,2728711,133840855
10/19/20,57714,449,24684,1100124,8145177,212060,2753395,134940980
10/20/20,60502,837,21219,1029984,8205679,212897,2774614,135970963
10/21/20,62948,1050,26247,1062302,8268627,213947,2800861,137033265
10/22/20,72329,1100,28117,1312144,8340956,215047,2828978,138345409
10/23/20,82709,945,20555,1446956,8423665,215992,2849533,139792366
10/24/20,83877,900,30100,1370238,8507542,216892,2879633,141162604
10/25/20,64374,399,15165,1215223,8571916,217291,2894798,142377828
10/26/20,63396,397,22491,1125082,8635312,217688,2917289,143502909
10/27/20,72279,922,25332,1151175,8707591,218610,2942621,144654084
10/28/20,79769,1052,28265,1155913,8787360,219662,2970886,145809997
10/29/20,89415,1065,34136,1457120,8876775,220727,2995222,147267117
10/30/20,98080,930,22025,1427168,8974855,221657,3017247,148694286
10/31/20,91166,957,32521,1456302,9066021,222614,3049768,150150588
11/1/20,141951,414,20209,1158720,9207972,223028,3069977,151309308
11/2/20,83448,478,24386,1229595,9291420,223506,3094363,152538903
11/3/20,119981,1522,27845,1270866,9411401,225028,3122208,153809769
11/4/20,106033,1132,36199,1323783,9517434,226160,3158407,155133552
11/5/20,119325,1152,35012,1415342,9636759,227312,3193419,156548894
11/6/20,130018,1191,26767,1780574,9766777,228503,3208228,158329469
11/7/20,132124,1133,38720,1549563,9898901,229636,3246948,159879032
11/8/20,112335,515,28637,1266206,10011236,230151,3275585,161145238
11/9/20,118389,579,28444,1332349,10129625,230730,3304029,162477588
11/10/20,135681,1358,30059,1333312,10265306,232088,3334088,163810900
11/11/20,149211,1576,31839,1502113,10414517,233664,3365927,165313013
11/12/20,157968,1110,50424,1610425,10572485,234774,3416351,166923439
11/13/20,174704,1310,40292,1751296,10747189,236084,3456643,168674735
11/14/20,167662,1354,50750,1768254,10914851,237438,3507393,170442989
11/15/20,146897,716,35123,1621825,11061748,238154,3542516,172064814
11/16/20,150166,612,40581,1487215,11211914,238766,3583097,173552030
11/17/20,159551,1553,45401,1635222,11371465,240319,3621333,175187252
11/18/20,168467,1889,51798,1699404,11539932,242208,3673131,176886656
11/19/20,188084,2014,57883,1846030,11728016,244222,3731014,178732686
11/20/20,197255,1913,42913,1996735,11925271,246135,3773927,180729421
11/21/20,186257,1554,68899,2123668,12111528,247689,3842826,182853089
11/22/20,154000,931,-5772,1806760,12265528,248620,3837054,184659849
11/23/20,154832,859,84394,1672254,12420360,249479,3921448,186332103
11/24/20,166474,2078,57863,1869298,12586834,251557,3979311,188201402
11/25/20,188828,2284,132447,1877780,12775662,253841,4111758,190079182
11/26/20,129904,1396,28926,1450063,12905566,255237,4140684,191529245
11/27/20,198956,1413,69958,1954778,13104522,256650,4210642,193484024
11/28/20,151332,1247,73284,1663022,13255854,257897,4283926,195147046
11/29/20,136931,823,37461,1325630,13392785,258720,4321387,196472676
11/30/20,150376,1041,51932,1519699,13543161,259761,4373319,197992375
12/1/20,181086,2494,72233,1495924,13724247,262255,4445552,199488299
12/2/20,204114,2819,88584,1591011,13928361,265074,4534136,201079310
12/3/20,216444,2821,74804,1891484,14144805,267895,4608940,202970795
12/4/20,230276,2558,58996,1915204,14375081,270453,4667936,204885999
12/5/20,218823,2493,100261,2283329,14593904,272946,4768197,207169328
12/6/20,182308,1162,44402,1663139,14776212,274108,4812599,208832467
12/7/20,182000,1299,57534,1652175,14958212,275407,4851282,210484642
12/8/20,218042,2675,66342,1689135,15176254,278082,4917624,212173777
12/9/20,216450,3184,95277,1826361,15392704,281266,5012901,214000138
12/10/20,220993,3132,85502,1956815,15613697,284398,5098403,215956953
12/11/20,237172,2754,142867,1961947,15850869,287152,5241270,217918900
12/12/20,226534,2481,106430,1905558,16077403,289633,5347700,219824459
12/13/20,187410,1514,47389,1817765,16264813,291147,5395089,221642224
12/14/20,192982,1367,68825,2008871,16457795,292514,5463914,223651095
12/15/20,193673,2920,83097,1826241,16651468,295434,5547011,225477336
12/16/20,234097,3457,99097,1831833,16885565,298891,5646108,227309169
12/17/20,242643,3461,80270,1900232,17128208,302352,5726378,229209401
12/18/20,242294,2866,73627,2188103,17370502,305218,5800005,231397504
12/19/20,204217,2718,115176,1848392,17574719,307936,5915181,233245897
12/20/20,197338,1680,47696,1815006,17772057,309616,5962877,235060903
12/21/20,179877,1477,59566,1973655,17951934,311093,6022443,237034558
12/22/20,193159,3136,74585,1761430,18145093,314229,6097028,238795988
12/23/20,224513,3400,99335,1791269,18369606,317629,6196363,240587257
12/24/20,206495,2950,93395,2023204,18576101,320579,6289758,242610461
12/25/20,127176,1562,16848,1563786,18703003,322141,6306463,244174248
12/26/20,190530,1434,105804,1951711,18893807,323575,6412410,246125959
12/27/20,152916,1412,53509,1387564,19046723,324987,6465919,247513523
12/28/20,164561,1502,64871,1329734,19211284,326489,6530790,248843257
12/29/20,199618,3296,91783,1336496,19410902,329785,6622573,250179753
12/30/20,229962,3887,98902,1581754,19640864,333672,6721475,251761507
12/31/20,226029,3302,105943,1789790,19866893,336974,6827418,253551297
1/1/21,183402,2593,25605,1544241,20050295,339567,6853023,255095538
1/2/21,279502,2409,136817,1919335,20329797,341976,6989840,257014874
1/3/21,208527,1466,42418,1443380,20538324,343442,7032258,258458254
1/4/21,179582,1546,73536,1513527,20717906,344988,7105794,259971781
1/5/21,219139,3486,72874,1717791,20937045,348474,7178668,261689572
1/6/21,250733,3911,96135,1646769,21187778,352385,7274803,263336341
1/7/21,271552,4088,103692,1912685,21459330,356473,7378495,265249026
1/8/21,295534,3780,65479,2135675,21754864,360253,7443974,267384702
1/9/21,269146,3538,102988,2130946,22024010,363791,7546962,269515648
1/10/21,228441,2078,42101,2041569,22252451,365869,7589063,271557217
1/11/21,195470,1731,74001,1690539,22447921,367600,7663064,273247756
1/12/21,218185,4070,79097,1946615,22666106,371670,7742161,275194371
1/13/21,224621,4097,89360,1815817,22890727,375767,7831521,277010188
1/14/21,225464,3926,113983,2037730,23116191,379693,7945504,279047919
1/15/21,246452,3678,57531,2300251,23362643,383371,8003035,281348170
1/16/21,218397,3705,75624,2106643,23581040,387076,8078659,283454813
1/17/21,186678,2067,39159,1906615,23767718,389143,8117818,285361428
1/18/21,150613,1406,73417,1762329,23918331,390549,8191235,287123758
1/19/21,146671,2146,64021,1596232,24065002,392695,8255256,288719990
1/20/21,189590,4391,114492,1847292,24254592,397086,8369748,290567282
1/21/21,186383,3895,69248,1924923,24440975,400981,8438996,292492205
1/22/21,190745,3997,100223,2013844,24631720,404978,8539219,294506049
1/23/21,177083,3584,66594,1975777,24808803,408562,8605813,296481827
1/24/21,144091,1953,37478,1782017,24952894,410515,8643291,298263844
1/25/21,133136,1590,60710,1628312,25086030,412105,8704001,299892156
1/26/21,146556,3725,68998,1733050,25232586,415830,8772999,301625206
1/27/21,154410,4079,95276,1621375,25386996,419909,8868275,303246581
1/28/21,157082,4021,118731,1928450,25544078,423930,8987006,305175031
1/29/21,167202,3508,58469,1946514,25711280,427438,9045475,307121546
1/30/21,148698,2984,79884,2128974,25859978,430422,9125359,309250520
1/31/21,119143,2056,37215,1716300,25979121,432478,9162574,310966821
2/1/21,120029,1559,54498,1503863,26099150,434037,9217072,312470684
2/2/21,117704,3473,54425,1384880,26216854,437510,9271497,313855564
2/3/21,117010,3670,84617,1379066,26333864,441180,9356114,315234630
2/4/21,124136,5213,128973,1661905,26458000,446393,9485087,316896535
2/5/21,131330,3497,55246,1867354,26589330,449890,9540333,318763889
2/6/21,114899,2991,75551,1886648,26704229,452881,9615884,320650537
2/7/21,95623,1481,33952,1493430,26799852,454362,9649836,322143967
2/8/21,77422,1315,30065,1383800,26877274,455677,9679901,323527767
2/9/21,92950,2787,71902,1484458,26970224,458464,9751803,325012226
2/10/21,95461,3427,112275,1381332,27065685,461891,9864078,326393558
2/11/21,102333,3868,71852,1851259,27168018,465759,9935930,328244817
2/12/21,101003,5423,54372,1806664,27269021,471182,9990302,330051481
2/13/21,90767,3463,60173,1752719,27359788,474645,10050475,331804201
2/14/21,72130,1374,29023,1433443,27431918,476019,10079498,333237644
2/15/21,55088,1084,44339,1126680,27487006,477103,10123837,334364324
2/16/21,55909,1342,44632,1037660,27542915,478445,10168469,335401984
2/17/21,67143,2326,53609,1295922,27610058,480771,10222078,336697906
2/18/21,66890,2610,69806,1343114,27676948,483381,10291884,338041021
2/19/21,74563,2462,32355,1868972,27751511,485843,10324239,339909993
2/20/21,72333,2143,65751,1288518,27823844,487986,10389990,341198511
2/21/21,58928,1289,20284,1228824,27882772,489275,10410274,342427336
2/22/21,52044,1240,29043,1188981,27934816,490515,10439317,343616316
2/23/21,69263,2236,50505,1194876,28004079,492751,10489822,344811192
2/24/21,73427,2427,65086,1444851,28077506,495178,10554908,346256044
2/25/21,75514,3134,56902,1822799,28153020,498312,10611810,348078843
2/26/21,75086,2136,31815,1797037,28228106,500448,10643625,349875880
2/27/21,71164,1850,54655,1650117,28299270,502298,10698280,351525998
2/28/21,54390,1053,19730,1404378,28353660,503351,10718010,352930376
3/1/21,47720,1236,29017,1140583,28401380,504587,10747027,354070959
3/2/21,54439,1726,31472,1341813,28455819,506313,10778499,355412772
3/3/21,66930,2437,31567,1404206,28522749,508750,10810066,356816978
3/4/21,65398,1742,45579,1581564,28588147,510492,10855645,358398542
3/5/21,68843,2214,26574,1741755,28656990,512706,10882219,360140297
3/6/21,60081,1673,30089,1426561,28717071,514379,10912308,361566858
3/7/21,41935,838,21687,1168483,28759006,515217,10933995,362735341
3/8/21,94343,823,127,8219,29129619,525548,29750,2082007
3/9/21,55809,1885,250,9490,29185428,527433,30000,2091497
3/10/21,58257,1468,88,9268,29243685,528901,30088,2100765
3/11/21,61709,1528,89,7115,29305394,530429,30177,2107880
3/12/21,64230,1702,75,8377,29369624,532131,30252,2116257
3/13/21,49544,1867,66,4647,29419168,533998,30318,2120904
3/14/21,38123,568,46,4229,29457291,534566,30364,2125134
3/15/21,56789,746,119,9704,29514080,535312,30483,2134838
3/16/21,54572,1243,105,8495,29568652,536555,30588,2143333
3/17/21,58825,1179,43,8008,29627477,537734,30631,2151341
3/18/21,60339,1554,46,7452,29687816,539288,30677,2158793
3/19/21,60781,1514,98,8403,29748597,540802,30775,2167196
3/20/21,54551,771,47,4978,29803148,541573,30822,2172175
3/21/21,34068,445,37,3338,29837216,542018,30859,2175513
3/22/21,54529,649,35,10294,29891745,542667,30894,2185807
3/23/21,56798,892,88,8740,29948543,543559,30982,2194547
3/24/21,79852,1590,81,8142,30028395,545149,31063,2202690
3/25/21,69283,1273,62,8069,30097678,546422,31125,2210759
3/26/21,74648,1262,66,8423,30172326,547684,31191,2219182
3/27/21,60786,774,75,4787,30233112,548458,31266,2223969
3/28/21,44563,495,70,3658,30277675,548953,31336,2227628
3/29/21,70770,679,86,8876,30348445,549632,31422,2236503
3/30/21,61764,943,90,9814,30410209,550575,31512,2246318
3/31/21,68199,1136,104,9349,30478408,551711,31616,2255667
4/1/21,77168,961,83,8312,30555576,552672,31699,2263979
4/2/21,68674,951,89,7521,30624250,553623,31788,2271500
4/3/21,64056,756,50,4274,30688306,554379,31838,2275774
4/4/21,36822,275,87,2833,30725128,554654,31925,2278608
4/5/21,76262,532,103,10466,30801390,555186,32028,2289074
4/6/21,62089,912,109,9374,30863479,556098,32137,2298449
4/7/21,73261,2575,61,8961,30936740,558673,32198,2307410
4/8/21,80456,1003,59,8154,31017196,559676,32257,2315564
4/9/21,81548,945,71,7481,31098744,560621,32328,2323045
4/10/21,64724,702,64,4458,31163468,561323,32392,2327503
4/11/21,48039,307,76,3586,31211507,561630,32468,2331089
4/12/21,71564,462,32,10405,31283071,562092,32500,2341495
4/13/21,77607,983,127,9496,31360678,563075,32627,2350991
4/14/21,75668,938,68,8540,31436346,564013,32695,2359531
4/15/21,73715,895,102,8268,31510061,564908,32797,2367800
4/16/21,78374,937,46,7417,31588435,565845,32843,2375217
4/17/21,53894,673,79,4233,31642329,566518,32922,2379450
4/18/21,41531,360,69,3481,31683860,566878,32991,2382931
4/19/21,69739,485,65,9731,31753599,567363,33056,2392661
4/20/21,61205,835,136,9331,31814804,568198,33192,2401992
4/21/21,62537,845,63,8223,31877341,569043,33255,2410216
4/22/21,66227,911,49,8021,31943568,569954,33304,2418237
4/23/21,63753,872,70,7460,32007321,570826,33374,2425697
4/24/21,50649,724,68,3621,32057970,571550,33442,2429319
4/25/21,33577,285,29,3421,32091547,571835,33471,2432740
4/26/21,46962,472,95,9419,32138509,572307,33566,2442159
4/27/21,51981,718,75,8448,32190490,573025,33641,2450608
4/28/21,54768,931,51,7763,32245258,573956,33692,2458371
4/29/21,57699,874,68,7727,32302957,574830,33760,2466098
4/30/21,58318,860,0,6507,32361192,575690,0,2472605
5/1/21,44988,715,80,4128,32406180,576405,33840,2476734
5/2/21,29560,319,48,3031,32435740,576724,33888,2479765
5/3/21,49783,460,62,9148,32485523,577184,33950,2488914
5/4/21,41034,909,38,7979,32526557,578093,33988,2496893
5/5/21,44620,775,66,7726,32571177,578868,34054,2504620
5/6/21,47764,832,35,7393,32618941,579700,34089,2512013
5/7/21,47401,812,41,6266,32666342,580512,34130,2518279
5/8/21,33782,599,29,3531,32700124,581111,34159,2521810
5/9/21,22271,248,58,2241,32722395,581359,34217,2524051
5/10/21,36440,366,25,8106,32758835,581725,34242,2532158
5/11/21,34055,689,42,6709,32792890,582414,34284,2538867
5/12/21,35512,850,27,6837,32828402,583264,34311,2545704
5/13/21,38422,781,25,6050,32866824,584045,34336,2551754
5/14/21,41029,730,21,5358,32907853,584775,34357,2557112
5/15/21,28968,559,19,3083,32936821,585334,34376,2560195
5/16/21,16738,292,27,2421,32953559,585626,34403,2562617
5/17/21,29109,374,25,7089,32982668,586000,34428,2569706
5/18/21,27896,863,13,6138,33010564,586863,34441,2575845
5/19/21,28127,677,21,6369,33038691,587540,34462,2582214
5/20/21,29640,655,20,5875,33068331,588195,34482,2588089
5/21/21,28977,694,26,7825,33097308,588889,34508,2595915
5/22/21,18297,475,28,2474,33115605,589364,34536,2598389
5/23/21,14124,192,20,2397,33129729,589556,34556,2600786
5/24/21,25627,417,22,6403,33155356,589973,34578,2607189
5/25/21,22805,700,17,5726,33178161,590673,34595,2612915
5/26/21,23390,967,11,5268,33201551,591640,34606,2618184
5/27/21,27777,1342,0,5184,33229328,592982,34606,2623368
5/28/21,22012,760,43,3880,33251340,593742,34649,2627248
5/29/21,11535,340,0,2177,33262859,594082,0,2629426
5/30/21,6352,132,-836,2344,33269227,594214,33813,2631770
5/31/21,6707,153,870,3592,33275934,594367,34683,2635362
6/1/21,22389,507,8,6185,33298323,594874,34691,2641547
6/2/21,16917,591,31,5241,33315240,595465,34722,2646788
6/3/21,19468,615,11,4983,33334708,596080,34733,2651771
6/4/21,-24027,134,22,4191,33310681,596214,34755,2655962
6/5/21,10462,373,0,2359,33321115,596587,0,2658321
6/6/21,6147,253,0,2125,33327262,596840,0,2660446
6/7/21,19389,336,35,5482,33346679,597176,34790,2665928
6/8/21,14225,377,23,4696,33360904,597553,34813,2670624
6/9/21,20632,573,8,4474,33381536,598126,34821,2675099
6/10/21,15805,460,8,3980,33397341,598586,34829,2679079
6/11/21,16795,513,14,3692,33414136,599099,34843,2682772
6/12/21,8299,170,0,2043,33422414,599269,0,2684815
6/13/21,6788,97,0,1875,33429202,599366,0,2686690
6/14/21,15068,210,49,3588,33444291,599576,34892,2690278
6/15/21,11864,454,3,2545,33456155,600030,34895,2692823
6/16/21,14460,424,5,3614,33470615,600454,34900,2696437
6/17/21,12202,290,4,3946,33482817,600744,34904,2700383
6/18/21,12627,470,5,3543,33495444,601214,34909,2703926
6/19/21,7613,167,0,2188,33503052,601381,0,2706114
6/20/21,4072,91,0,1957,33507124,601472,0,2708071
6/21/21,15805,289,14,4761,33522934,601761,34923,2712833
6/22/21,12804,425,0,3922,33535738,602186,34923,2716755
6/23/21,13999,396,11,3680,33549737,602582,34934,2720436
6/24/21,14726,357,0,4216,33564463,602939,34934,2724652
6/25/21,14956,458,1,3972,33579419,603397,34935,2728625
6/26/21,6827,125,0,2252,33586236,603522,0,2730877
6/27/21,4098,97,0,2330,33590334,603619,0,2733208
6/28/21,15499,161,15,4945,33605843,603780,34950,2738152
6/29/21,15773,380,4,4149,33621616,604160,34954,2742302
6/30/21,15956,322,0,3686,33637572,604482,34954,2745988
7/1/21,65020,247,2,4299,33702592,604729,34956,2750288
7/2/21,14955,266,5,3525,33717547,604995,34961,2753813
7/3/21,4035,88,0,2337,33726961,605083,0,2756150
7/4/21,2944,37,0,1414,33729905,605120,0,2757564
7/5/21,10030,41,24,3741,33734556,605161,34985,2761305
7/6/21,27105,318,0,4643,33761661,605479,34985,2765948
7/7/21,30101,323,0,3983,33791762,605802,34985,2769932
7/8/21,49316,368,0,4909,33841078,606170,34985,2774841
7/9/21,35307,409,0,3953,33876385,606579,34985,2778794
7/10/21,7834,93,0,2261,33884148,606672,0,2781055
7/11/21,5536,32,0,1988,33889684,606704,0,2783042
7/12/21,35247,273,0,4956,33925002,606977,34985,2787998
7/13/21,43187,432,0,4587,33968189,607409,34985,2792585
7/14/21,37910,392,0,4225,34006099,607801,34985,2796811
7/15/21,36150,341,0,5280,34042249,608142,34985,2802091
7/16/21,52229,358,0,4749,34094478,608500,34985,2806840
7/17/21,12607,84,0,2582,34106944,608584,0,2809422
7/18/21,9102,39,0,2841,34116046,608623,0,2812263
7/19/21,58835,232,0,6593,34175022,608855,34985,2818857
7/20/21,62338,304,0,5760,34237360,609159,34985,2824617
7/21/21,59565,401,0,6319,34296925,609560,34985,2830937
7/22/21,65704,366,0,5992,34362629,609926,34985,2836929
7/23/21,83032,442,0,5625,34445661,610368,34985,2842555
7/24/21,21739,102,0,3244,34467213,610470,0,2845799
7/25/21,13950,51,0,2966,34481163,610521,0,2848766
7/26/21,92547,274,0,8278,34573897,610795,34985,2857044
7/27/21,107177,487,0,6320,34681074,611282,34985,2863364
7/28/21,84719,497,0,6628,34765793,611779,34985,2869992
7/29/21,98571,404,0,6924,34864364,612183,34985,2876917
7/30/21,122551,542,0,6554,34986915,612725,34985,2883471
7/31/21,29984,144,0,4478,35016579,612869,0,2887949
8/1/21,23082,66,0,3751,35039661,612935,0,2891701
8/2/21,135437,461,0,9183,35175418,613396,34985,2900884
8/3/21,150355,671,0,8234,35325773,614067,34985,2909118
8/4/21,112477,730,0,7754,35438250,614797,34985,2916872
8/5/21,126943,573,0,7888,35565193,615370,34985,2924760
8/6/21,168702,854,0,7252,35733895,616224,34985,2932012
8/7/21,42412,207,0,4084,35775821,616431,0,2936097
8/8/21,36245,133,0,4082,35812066,616564,0,2940179
8/9/21,177668,721,0,9437,35990220,617285,34985,2949617
8/10/21,162214,1053,0,9175,36152434,618338,34985,2958792
8/11/21,155771,339,0,9196,36308205,618677,34985,2967988
8/12/21,138597,1023,0,9805,36446802,619700,34985,2977794
8/13/21,187872,1092,0,8239,36634674,620792,34985,2986033
8/14/21,50162,244,0,4924,36684260,621036,0,2990957
8/15/21,44079,181,0,5293,36728339,621217,0,2996250
8/16/21,258236,1022,0,12349,36987151,622239,34985,3008599
8/17/21,144773,994,0,11180,37131924,623233,34985,3019779
8/18/21,164826,1123,0,10746,37296750,624356,34985,3030526
8/19/21,159343,1733,0,11978,37456093,626089,34985,3042504
8/20/21,199999,1539,0,9756,37656092,627628,34985,3052261
8/21/21,79620,473,0,5536,37735156,628101,0,3057797
8/22/21,40768,190,0,5114,37775924,628291,0,3062911
8/23/21,265094,1369,0,13158,38041574,629660,34985,3076069
8/24/21,150319,1404,0,12394,38191893,631064,34985,3088463
8/25/21,171192,1451,0,12003,38363085,632515,34985,3100466
8/26/21,187613,2219,0,13401,38550698,634734,34985,3113867
8/27/21,196421,1777,0,11146,38747119,636511,34985,3125013
8/28/21,85471,566,0,6494,38831893,637077,0,3131507
8/29/21,42404,282,0,6617,38874297,637359,0,3138124
8/30/21,279173,1734,0,15121,39154167,639093,34985,3153246
8/31/21,160430,1438,0,14771,39314597,640531,34985,3168017
9/1/21,211101,1929,0,14081,39525698,642460,34985,3182098
9/2/21,175619,2945,0,14694,39701317,645405,34985,3196792
9/3/21,192091,1985,0,10824,39893408,647390,34985,3207616
9/4/21,66477,530,0,5688,39959234,647920,0,3213304
9/5/21,44596,382,0,5852,40003830,648302,0,3219156
9/6/21,77509,524,0,8994,40081990,648826,34985,3228150
9/7/21,299186,2240,0,15577,40381176,651066,34985,3243728
9/8/21,184318,2208,0,15145,40565494,653274,34985,3258873
9/9/21,170620,3234,0,14763,40736114,656508,34985,3273636
9/10/21,177092,2422,0,12743,40913206,658930,34985,3286379
9/11/21,74219,699,0,6121,40986620,659629,0,3292500
9/12/21,39744,304,0,6054,41026364,659933,0,3298554
9/13/21,283701,1739,0,14377,41310870,661672,34985,3312931
9/14/21,152939,2660,0,13282,41463809,664332,34985,3326213
9/15/21,170396,2583,0,14799,41634205,666915,34985,3341012
9/16/21,154764,3437,0,14264,41788969,670352,34985,3355276
9/17/21,167434,2586,0,13544,41956403,672938,34985,3368820
9/18/21,68697,829,0,6369,42024388,673767,0,3375189
9/19/21,40468,306,0,5511,42064856,674073,0,3380700
9/20/21,206168,2261,0,15059,42271736,676334,34985,3395760
9/21/21,130324,2366,0,13018,42402060,678700,34985,3408778
9/22/21,93919,2801,0,14062,42495979,681501,34985,3422840
9/23/21,182203,3153,-10000,12258,42678182,684654,24985,3435099
9/24/21,139651,2724,10000,10784,42817833,687378,34985,3445883
9/25/21,52655,635,0,4814,42869921,688013,0,3450698
9/26/21,35802,311,0,5645,42905723,688324,0,3456343
9/27/21,190910,2369,0,13121,43097200,690693,34985,3469463
9/28/21,113596,2312,0,9923,43210796,693005,34985,3479386
9/29/21,129004,2519,0,10234,43339800,695524,34985,3489621
9/30/21,116068,2744,0,11331,43455868,698268,34985,3500952
10/1/21,126075,2455,0,10859,43581943,700723,34985,3511811
10/2/21,44785,638,0,5060,43626268,701361,0,3516871
10/3/21,26226,256,0,5482,43652494,701617,0,3522353
10/4/21,170820,2044,0,14726,43823774,703661,34985,3537079
10/5/21,98795,2034,0,13122,43922569,705695,34985,3550201
10/6/21,125982,2533,0,12367,44048551,708228,34985,3562568
10/7/21,105434,2454,0,11086,44153985,710682,34985,3573654
10/8/21,113353,2437,0,9979,44267338,713119,34985,3583634
10/9/21,38101,525,0,4764,44305003,713644,0,3588398
10/10/21,23863,492,0,4954,44328866,714136,0,3593352
10/11/21,121184,1165,0,12612,44450486,715301,34985,3605965
10/12/21,112099,2516,0,12628,44562585,717817,34985,3618593
10/13/21,106540,2253,0,13330,44669125,720070,34985,3631923
10/14/21,88954,2051,0,10477,44758079,722121,34985,3642400
10/15/21,98549,2164,0,9312,44856628,724285,34985,3651712
10/16/21,34284,388,0,4342,44890583,724673,0,3656054
10/17/21,23032,188,0,4769,44913615,724861,0,3660823
10/18/21,121855,1886,0,12968,45035799,726747,34985,3673791
10/19/21,81795,2079,0,11285,45117594,728826,34985,3685077
10/20/21,86890,2999,0,12455,45204484,731825,34985,3697532
10/21/21,81848,1885,0,10095,45286332,733710,34985,3707628
10/22/21,87091,2136,0,8434,45373423,735846,34985,3716062
10/23/21,30574,438,0,4350,45403706,736284,0,3720412
10/24/21,17406,153,0,4767,45421112,736437,0,3725180
10/25/21,104239,1416,0,12743,45525642,737853,34985,3737922
10/26/21,87416,1728,0,10720,45613058,739581,34985,3748643
10/27/21,94903,2019,0,10776,45707961,741600,34985,3759419
10/28/21,86174,1782,0,8763,45794135,743382,34985,3768182
10/29/21,88735,2014,0,8809,45882870,745396,34985,3776991
10/30/21,29838,327,0,3626,45912478,745723,0,3780617
10/31/21,19179,159,0,3497,45931657,745882,0,3784115
11/1/21,123267,1152,0,11588,46055154,747034,34985,3795703
11/2/21,77289,1514,0,10947,46132443,748548,34985,3806650
11/3/21,84854,1885,0,10300,46217297,750433,34985,3816950
11/4/21,83236,1121,0,9691,46300533,751554,34985,3826641
11/5/21,91789,2329,0,7900,46392322,753883,34985,3834542
11/6/21,32263,388,0,4140,46424334,754271,0,3838682
11/7/21,22324,134,0,4241,46446658,754405,0,3842923
11/8/21,125130,1172,0,10864,46572039,755577,34985,3853787
11/9/21,83329,1691,0,9740,46655368,757268,34985,3863527
11/10/21,99003,1632,0,9102,46754306,758900,0,3872630
11/11/21,65224,725,0,6430,46819530,759625,0,3879060
11/12/21,128768,2070,0,7749,46948298,761695,0,3886809
11/13/21,61813,452,0,3589,47010111,762147,0,3890398
11/14/21,24305,149,0,3780,47034204,762296,34985,3894178
11/15/21,147631,1191,0,10827,47181835,763487,34985,3905005
11/16/21,90857,1442,0,9554,47272692,764929,34985,3914559
11/17/21,114393,1620,0,8324,47387085,766549,34985,3922883
11/18/21,110339,3222,0,8395,47497424,769771,34985,3931278
11/19/21,119587,1993,0,7152,47617011,771764,34985,3938430
11/20/21,41237,322,0,3129,47657929,772086,0,3941559
11/21/21,31478,126,0,3087,47689407,772212,0,3944646
11/22/21,158085,1234,0,10678,47847811,773446,34985,3955324
11/23/21,93128,1474,0,8298,47940939,774920,34985,3963623
11/24/21,120372,1634,0,7581,48061311,776554,34985,3971204
11/25/21,31014,375,0,2372,48092325,776929,34985,3973577
11/26/21,51007,543,0,3895,48143332,777472,34985,3977471
11/27/21,24954,192,0,3440,48168286,777664,34985,3980911
11/28/21,24056,124,0,3331,48192342,777788,34985,3984243
11/29/21,215531,1875,0,10034,48407873,779663,34985,3994277
11/30/21,109832,1555,0,8615,48517705,781218,34985,4002892
12/1/21,139401,1969,0,7412,48657106,783187,34985,4010305
12/2/21,138902,1355,0,8060,48796008,784542,34985,4018365
12/3/21,153568,2152,0,6713,48949576,786694,34985,4025079
12/4/21,57961,493,0,2996,49006971,787187,0,4028075
12/5/21,34680,164,0,4111,49041651,787351,0,4032186
12/6/21,196374,1347,0,9072,49238591,788698,34985,4041258
12/7/21,114656,1769,0,7767,49353247,790467,34985,4049025
12/8/21,149130,1875,0,7920,49502377,792342,34985,4056945
12/9/21,123760,1298,0,6790,49625288,793822,34985,3608967
12/10/21,165300,2104,0,5101,49790588,795926,34985,3614068
12/11/21,51471,416,0,2647,49841369,796342,0,3616715
12/12/21,36414,196,0,2709,49877783,796538,0,3619424
12/13/21,202688,1289,0,7766,50081161,797827,34985,3627190
12/14/21,116628,1734,0,6913,50197789,799561,34985,3634103
12/15/21,145311,2097,0,6086,50343100,801658,34985,3640189
12/16/21,146802,1164,0,5835,50489902,802822,34985,3646024
12/17/21,173834,2042,0,4801,50663736,804864,34985,3650825
12/18/21,74759,475,0,2520,50734732,805339,0,3653345
12/19/21,72627,163,0,2647,50807359,805502,0,3655992
12/20/21,299990,1419,0,6294,51111112,806921,34985,3662286
12/21/21,189954,2088,0,5830,51301066,809009,34985,3668116
12/22/21,244098,2057,0,5073,51545164,811066,34985,3673189
12/23/21,272809,3286,0,5272,51817973,814352,34985,3678461
12/24/21,184034,1003,0,2879,51992807,815355,0,3681340
12/25/21,58404,100,0,622,52051211,815455,0,3681962
12/26/21,189805,81,0,2946,52241016,815536,0,3684908
12/27/21,535815,1743,0,7136,52786031,817279,34985,3692044
12/28/21,380733,2498,0,6847,53166764,819777,34985,3698891
12/29/21,489474,2101,0,6215,53656238,821878,34985,3705106
12/30/21,585863,1415,0,7090,54239860,823293,0,3712196
12/31/21,446844,1197,0,4262,54686704,824490,0,3716458
1/1/22,161960,273,0,1547,54848664,824763,0,3718005
1/2/22,286868,233,0,4061,55135532,824996,0,3722066
1/3/22,1018686,1651,0,10419,56154218,826647,34985,3732485
1/4/22,884796,2364,0,10299,57039014,829011,34985,3742784
1/5/22,707134,2129,0,9475,57746148,831140,34985,3752259
1/6/22,760542,1973,0,10611,58506690,833113,34985,3762870
1/7/22,901912,2688,0,10524,59408602,835801,34985,3773394
1/8/22,447054,691,0,5331,59849418,836492,0,3778725
1/9/22,316109,402,0,5071,60165527,836894,0,3783796
1/10/22,1427763,1686,0,10735,61599528,838580,34985,3794531
1/11/22,772241,2682,0,9564,62371769,841262,34985,3804095
1/12/22,878920,2727,0,9706,63250689,843989,34985,3813801
1/13/22,871941,2288,0,8936,64122630,846277,34985,3822737
1/14/22,932773,2995,0,8964,65055403,849272,34985,3831701
1/15/22,425291,1002,0,4082,65476858,850274,0,3835783
1/16/22,339145,414,0,4413,65816003,850688,0,3840196
1/17/22,713331,776,0,8123,66529334,851464,0,3848319
1/18/22,1177726,2988,0,11026,67710896,854452,34985,3859345
1/19/22,845037,3317,0,9554,68555933,857769,34985,3868899
1/20/22,751358,2676,0,9211,69307291,860445,34985,3878110
1/21/22,822744,3868,0,8518,70130035,864313,34985,3886628
1/22/22,338877,937,0,3873,70467562,865250,0,3890501
1/23/22,200549,571,0,4193,70668111,865821,0,3894694
1/24/22,1028197,2163,0,10198,71697658,867984,34985,3904892
1/25/22,513668,2978,0,7748,72211326,870962,34985,3912640
1/26/22,681763,3890,0,7512,72893089,874852,34985,3920152
1/27/22,533066,3094,0,6582,73426155,877946,34985,3926734
1/28/22,551758,3878,0,6740,73977913,881824,34985,3933474
1/29/22,243622,1307,0,2858,74221535,883131,0,3936332
1/30/22,104696,364,0,3250,74326231,883495,0,3939582
1/31/22,659731,2579,0,8016,74985962,886074,34985,3947598
2/1/22,298314,3584,0,5736,75284276,889658,34985,3953334
2/2/22,323144,3626,0,5486,75607420,893284,34985,3958820
2/3/22,313904,3030,0,4725,75921324,896314,34985,3963545
2/4/22,311240,3978,0,4921,76232564,900292,34985,3968466
2/5/22,124584,869,0,2067,76356521,901161,0,3970533
2/6/22,59040,380,0,2320,76415561,901541,0,3972853
2/7/22,345413,2741,0,6472,76761601,904282,34985,3979325
2/8/22,196420,3364,0,5033,76958021,907646,34985,3984358
2/9/22,224914,3553,0,4131,77182935,911199,34985,3988489
2/10/22,174234,3261,0,3567,77357169,914460,34985,3992056
2/11/22,169141,2810,-900,2945,77526310,917270,34085,3995001
2/12/22,64467,762,0,1122,77590302,918032,0,3996123
2/13/22,34805,475,0,1341,77625107,918507,0,3997464
2/14/22,205260,2591,900,4178,77830842,921098,34985,4001642
2/15/22,116048,2853,0,3885,77946890,923951,34985,4005527
2/16/22,140116,3280,0,3163,78087006,927231,34985,4008690
2/17/22,104387,3189,315000,3180,78191393,930420,349985,4011870
2/18/22,109313,2493,-315000,2893,78300706,932913,34985,4014763
2/19/22,46564,694,0,1277,78346901,933607,0,4016040
2/20/22,26373,414,0,1589,78373274,934021,0,4017629
2/21/22,56018,761,0,2420,78429292,934782,0,4020049
2/22/22,123050,2728,0,3450,78552711,937510,34985,4023499
2/23/22,83194,3004,0,2922,78635905,940514,34985,4026421
2/24/22,73866,2910,0,2653,78709771,943424,34985,4029074
2/25/22,85599,2814,0,2142,78795370,946238,34985,4031216
2/26/22,25453,566,0,862,78820585,946804,0,4032078
2/27/22,9206,197,0,1225,78829791,947001,0,4033303
2/28/22,107118,1973,0,3933,78937147,948974,34985,4037236
3/1/22,43912,1933,0,3199,78981000,950907,0,4040435
3/2/22,57920,2322,0,2826,79038920,953229,0,4043261
3/3/22,52033,1883,0,2680,79090953,955112,0,4045941
3/4/22,49144,1892,0,1903,79140097,957004,0,4047844
3/5/22,16716,308,0,1324,79156813,957312,0,4049168
3/6/22,6879,212,0,1491,79163692,957524,0,4050659
3/7/22,62762,1686,0,3092,79226454,959210,0,4053751
3/8/22,35163,1575,0,2608,79261617,960785,0,4056359
3/9/22,46589,1804,0,2247,79308206,962589,0,4058606
3/10/22,38436,1559,0,2145,79346642,964148,0,4060751
3/11/22,43966,1684,0,1927,79390608,965832,0,4062678
3/12/22,11088,472,0,980,79401696,966304,0,4063658
3/13/22,6467,143,0,1238,79408163,966447,0,4064896
3/14/22,48770,-2434,0,2939,79456933,964013,0,4067835
3/15/22,48622,1523,0,2347,79505555,965536,0,4070182
3/16/22,39158,2032,0,2234,79544713,967568,0,4072416
3/17/22,36266,1211,0,2232,79580979,968779,0,4074648
3/18/22,36136,1045,0,1918,79617115,969824,0,4076566
3/19/22,12234,332,0,1096,79629349,970156,0,4077662
3/20/22,7927,83,0,1397,79637276,970239,0,4079059
3/21/22,46026,927,0,3144,79683302,971166,0,4082203
3/22/22,25977,1030,0,2595,79709279,972196,0,4084798
3/23/22,46746,1335,0,2238,79756025,973531,0,4087036
3/24/22,38057,982,0,2347,79794082,974513,0,4089383
3/25/22,33403,832,0,1997,79827485,975345,0,4091380
3/26/22,12199,164,0,793,79839684,975509,0,4092173
3/27/22,7591,51,0,1044,79847275,975560,0,4093217
3/28/22,42320,910,0,2629,79889595,976470,0,4095846
3/29/22,25900,757,0,2531,79915495,977227,0,4098377
3/30/22,44945,1202,0,2040,79960440,978429,0,4100417
3/31/22,37964,875,0,2008,79998404,979304,0,4102425
4/1/22,32211,646,0,1836,80030615,979950,0,4104261
4/2/22,11564,138,0,697,80042179,980088,0,4104958
4/3/22,5011,39,0,873,80047190,980127,0,4105831
4/4/22,41171,625,0,1586,80088361,980752,0,4107417
4/5/22,31138,464,0,196,80119499,981216,0,4107613
4/6/22,48657,1119,0,0,80168156,982335,0,4107613
4/7/22,35882,708,0,0,80204038,983043,0,4107613
4/8/22,44311,543,0,0,80248349,983586,0,4107613
4/9/22,13692,273,0,0,80262041,983859,0,4107613
4/10/22,8262,27,0,0,80270303,983886,0,4107613
4/11/22,50124,435,0,0,80320427,984321,0,4107613
4/12/22,29286,591,0,0,80349713,984912,0,4107613
4/13/22,52842,990,0,0,80402555,985902,0,4107613
4/14/22,57675,617,0,0,80460230,986519,0,4107613
4/15/22,47945,724,0,0,80508175,987243,0,4107613
4/16/22,11108,40,0,0,80519283,987283,0,4107613
4/17/22,11354,17,0,0,80530637,987300,0,4107613
4/18/22,60224,318,0,1,80590861,987618,0,4107614
4/19/22,50320,454,0,0,80641181,988072,0,4107614
4/20/22,61628,598,0,0,80702809,988670,0,4107614
4/21/22,59473,484,0,0,80762282,989154,0,4107614
4/22/22,68300,490,0,0,80830582,989644,0,4107614
4/23/22,19072,100,0,0,80849654,989744,0,4107614
4/24/22,12503,28,0,0,80862157,989772,0,4107614
4/25/22,74828,353,0,0,80936985,990125,0,4107614
4/26/22,54938,306,0,0,80991923,990431,0,4107614
4/27/22,83236,668,0,0,81075159,991099,0,4107614
4/28/22,73772,463,0,0,81148931,991562,0,4107614
4/29/22,82061,419,0,0,81230992,991981,0,4107614
4/30/22,22478,90,0,0,81253470,992071,0,4107614
5/1/22,15505,23,0,0,81268975,992094,0,4107614
5/2/22,95953,392,0,0,81364928,992486,0,4107614
5/3/22,69685,664,0,0,81434613,993150,0,4107614
5/4/22,100727,1934,0,0,81535340,995084,0,4107614
5/5/22,93665,694,0,0,81629005,995778,0,4107614
5/6/22,95396,455,0,0,81724401,996233,0,4107614
5/7/22,30433,96,0,0,81754834,996329,0,4107614
5/8/22,11868,19,0,0,81766702,996348,0,4107614
5/9/22,112976,330,0,0,81879678,996678,0,4107614
5/10/22,94000,304,0,0,81973678,996982,0,4107614
5/11/22,160186,551,0,0,82133864,997533,0,4107614
5/12/22,115679,373,0,0,82249543,997906,0,4107614
5/13/22,114730,427,0,0,82364273,998333,0,4107614
5/14/22,25230,46,0,0,82389503,998379,0,4107614
5/15/22,19544,27,0,0,82409047,998406,0,4107614
5/16/22,150064,321,0,0,82559111,998727,0,4107614
5/17/22,134395,354,0,0,82693506,999081,0,4107614
5/18/22,167264,563,0,0,82860770,999644,0,4107614
5/19/22,121404,406,0,0,82982174,1000050,0,4107614
5/20/22,140273,398,0,0,83122447,1000448,0,4107614
5/21/22,37524,115,0,0,83159971,1000563,0,4107614
5/22/22,22132,51,0,0,83182103,1000614,0,4107614
5/23/22,133120,249,0,0,83315223,1000863,0,4107614
5/24/22,132875,549,0,0,83448098,1001412,0,4107614
5/25/22,185355,804,0,0,83633453,1002216,0,4107614
5/26/22,125006,343,0,0,83758459,1002559,0,4107614
5/27/22,139222,602,0,0,83897681,1003161,0,4107614
5/28/22,13980,35,0,0,83911661,1003196,0,4107614
5/29/22,9166,8,0,0,83920827,1003204,0,4107614
5/30/22,32343,22,0,0,83953170,1003226,0,4107614
5/31/22,182679,382,0,0,84135849,1003608,0,4107614
6/1/22,217463,592,0,0,84353312,1004200,0,4107614
6/2/22,111727,372,0,0,84465039,1004572,0,4107614
6/3/22,142560,408,0,0,84607599,1004980,0,4107614
6/4/22,43886,194,0,0,84651485,1005174,0,4107614
6/5/22,16618,18,0,0,84668103,1005192,0,4107614
6/6/22,137305,321,0,0,84805408,1005513,0,4107614
6/7/22,143248,471,0,0,84948656,1005984,0,4107614
6/8/22,176690,1045,0,0,85125346,1007029,0,4107614
6/9/22,117981,345,0,0,85243327,1007374,0,4107614
6/10/22,136331,371,0,0,85379658,1007745,0,4107614
6/11/22,35552,124,0,0,85415210,1007869,0,4107614
6/12/22,18586,19,0,0,85433796,1007888,0,4107614
6/13/22,125716,271,0,0,85559512,1008159,0,4107614
6/14/22,135733,439,0,0,85695245,1008598,0,4107614
6/15/22,170052,654,0,0,85865297,1009252,0,4107614
6/16/22,104545,335,0,0,85969842,1009587,0,4107614
6/17/22,116882,304,0,0,86086724,1009891,0,4107614
6/18/22,14976,25,0,0,86101700,1009916,0,4107614
6/19/22,14767,22,0,0,86116467,1009938,0,4107614
6/20/22,54255,89,0,0,86170722,1010027,0,4107614
6/21/22,210300,573,0,0,86381022,1010600,0,4107614
6/22/22,168345,774,0,0,86549367,1011374,0,4107614
6/23/22,116881,499,0,0,86666248,1011873,0,4107614
6/24/22,156084,494,0,0,86822332,1012367,0,4107614
6/25/22,47904,163,0,0,86870236,1012530,0,4107614
6/26/22,18418,6,0,0,86888654,1012536,0,4107614
6/27/22,132611,280,0,0,87021265,1012816,0,4107614
6/28/22,122729,541,0,0,87143994,1013357,0,4107614
6/29/22,193305,693,0,0,87337299,1014050,0,4107614
6/30/22,124090,453,0,0,87461389,1014503,0,4107614
7/1/22,152662,523,0,0,87614051,1015026,0,4107614
7/2/22,12517,21,0,0,87626568,1015047,0,4107614
7/3/22,7124,3,0,0,87633692,1015050,0,4107614
7/4/22,35844,64,0,0,87669536,1015114,0,4107614
7/5/22,181106,426,0,0,87850642,1015540,0,4107614
7/6/22,237750,717,0,0,88088392,1016257,0,4107614
7/7/22,125113,477,0,0,88213505,1016734,0,4107614
7/8/22,168473,562,0,0,88381978,1017296,0,4107614
7/9/22,23770,36,0,0,88405748,1017332,0,4107614
7/10/22,22772,8,0,0,88428520,1017340,0,4107614
7/11/22,175681,551,0,0,88604201,1017891,0,4107614
7/12/22,184744,523,0,0,88788945,1018414,0,4107614
7/13/22,188464,857,0,0,88977409,1019271,0,4107614
7/14/22,144624,458,0,0,89122033,1019729,0,4107614
7/15/22,170281,533,0,0,89292314,1020262,0,4107614
7/16/22,21260,42,0,0,89313574,1020304,0,4107614
7/17/22,22128,11,0,0,89335702,1020315,0,4107614
7/18/22,170746,520,0,0,89506448,1020835,0,4107614
7/19/22,161308,547,0,0,89667756,1021382,0,4107614
7/20/22,202103,792,0,0,89869859,1022174,0,4107614
7/21/22,153891,552,0,0,90023750,1022726,0,4107614
7/22/22,166125,580,0,0,90189875,1023306,0,4107614
7/23/22,24435,56,0,0,90214310,1023362,0,4107614
7/24/22,21769,14,0,0,90236079,1023376,0,4107614
7/25/22,167928,512,0,0,90404007,1023888,0,4107614
7/26/22,164814,519,0,0,90568821,1024407,0,4107614
7/27/22,224568,824,0,0,90793389,1025231,0,4107614
7/28/22,149447,484,0,0,90942836,1025715,0,4107614
7/29/22,139706,618,0,0,91082542,1026333,0,4107614
7/30/22,12125,22,0,0,91094667,1026355,0,4107614
7/31/22,10968,9,0,0,91105635,1026364,0,4107614
8/1/22,176993,606,0,0,91282628,1026970,0,4107614
8/2/22,108567,445,0,0,91391195,1027415,0,4107614
8/3/22,214560,1057,0,0,91605755,1028472,0,4107614
8/4/22,164965,673,0,0,91770720,1029145,0,4107614
8/5/22,132224,658,0,0,91902944,1029803,0,4107614
8/6/22,10943,28,0,0,91913887,1029831,0,4107614
8/7/22,10160,11,0,0,91924047,1029842,0,4107614
8/8/22,145743,563,0,0,92069790,1030405,0,4107614
8/9/22,129004,562,0,0,92198794,1030967,0,4107614
8/10/22,172821,852,0,0,92371615,1031819,0,4107614
8/11/22,137291,701,0,0,92508906,1032520,0,4107614
8/12/22,121963,671,0,0,92630869,1033191,0,4107614
8/13/22,6970,18,0,0,92637839,1033209,0,4107614
8/14/22,10773,12,0,0,92648612,1033221,0,4107614
8/15/22,129572,555,0,0,92778184,1033776,0,4107614
8/16/22,120959,472,0,0,92899143,1034248,0,4107614
8/17/22,158251,960,0,0,93057394,1035208,0,4107614
8/18/22,126768,608,0,0,93184162,1035816,0,4107614
8/19/22,108824,531,0,0,93292986,1036347,0,4107614
8/20/22,8019,27,0,0,93301005,1036374,0,4107614
8/21/22,8620,8,0,0,93309625,1036382,0,4107614
8/22/22,120825,593,0,0,93430450,1036975,0,4107614
8/23/22,105499,505,0,0,93535949,1037480,0,4107614
8/24/22,172098,919,0,0,93708047,1038399,0,4107614
8/25/22,111393,644,0,0,93819440,1039043,0,4107614
8/26/22,102644,637,0,0,93922084,1039680,0,4107614
8/27/22,8930,30,0,0,93931014,1039710,0,4107614
8/28/22,8621,3,0,0,93939635,1039713,0,4107614
8/29/22,112418,591,0,0,94052053,1040304,0,4107614
8/30/22,117319,467,0,0,94169372,1040771,0,4107614
8/31/22,152946,1403,0,0,94322318,1042174,0,4107614
9/1/22,108825,713,0,0,94431143,1042887,0,4107614
9/2/22,88502,502,0,0,94519645,1043389,0,4107614
9/3/22,7526,19,0,0,94527171,1043408,0,4107614
9/4/22,5892,1,0,0,94533063,1043409,0,4107614
9/5/22,18537,53,0,0,94551600,1043462,0,4107614
9/6/22,125989,628,0,0,94677589,1044090,0,4107614
9/7/22,144151,829,0,0,94840522,1044912,0,0
9/8/22,88425,674,0,0,94928947,1045586,0,0
9/9/22,73885,533,0,0,95002832,1046119,0,0
9/10/22,3227,26,0,0,95006059,1046145,0,0
9/11/22,11464,19,0,0,95017523,1046164,0,0
9/12/22,87513,569,0,0,95105036,1046733,0,0
9/13/22,61642,522,0,0,95166678,1047255,0,0
9/14/22,115724,985,0,0,95282402,1048240,0,0
9/15/22,94168,756,0,0,95376570,1048996,0,0
12/30/22,-31136,0,0,0,103487,0,34985,0